,title,text,time,image,country,3let
39," Κορονοϊός: Σε ""σταθερή κατάσταση"" η υγεία του Μακρόν ","""Σταθερή κατάσταση υγείας"" παρουσιάζει ο πρόεδρος της Γαλλίας που μολύνθηκε από τον κορονοϊό, ενώ τα αποτελέσματα των εξετάσεών του παραμένουν καθησυχαστικά, όπως έγινε γνωστό από το Ελιζέ.",2020-12-19 14:46:00,https://www.news247.gr/img/3793/9086212/731000/w140/140/ap_20352664940669.jpg,ελλάδα,GRC
40, Υπόθεση Έπσταϊν: Συνελήφθη ο επικεφαλής πρακτορείου μοντέλων Ζαν-Λικ Μπρουνέλ ,Συνελήφθη και τέθηκε υπό προσωρινή κράτηση ο επί χρόνια επικεφαλής πρακτορείου μοντέλων Ζαν-Λικ Μπρουνέλ που γνώριζε τον Αμερικανό δισεκατομμυριούχο.,2020-12-19 14:04:00,https://www.news247.gr/img/2791/9086189/239000/w140/140/jean_luc_brunel.jpg,ελλάδα,GRC
49, Φιλιππίνες: Τουλάχιστον δύο νεκροί και εκατοντάδες άστεγοι από πλημμύρες ,Δύο άνθρωποι σκοτώθηκαν και δεκάδες σπίτια καταστράφηκαν έπειτα από το πέρασμα τρομερής κακοκαιρίας από τις Φιλιππίνες που προκάλεσε πλημμύρες και κατολισθήσεις.,2020-12-19 13:45:00,https://www.news247.gr/img/6995/9086169/624000/w140/140/ap_20353442011643.jpg,φιλιππίνες,PHL
41, Η αλήθεια για τη νοσοκόμα που λιποθύμησε μετά το εμβόλιο ,Μια νοσοκόμα σε νοσοκομείο στην Chattanooga του Τενεσί λιποθύμησε λίγο αφότου έκανε το εμβόλιο της Pfizer. Η αλήθεια όμως δεν σχετίζεται με την ουσία του σκευάσματος καθεαυτού.,2020-12-19 11:17:00,https://www.news247.gr/img/6840/9086042/901000/w140/140/nurse.jpg,ελλάδα,GRC
50, Οι ΗΠΑ κατηγορούν την Ρωσία για τη γιγαντιαία κυβερνοεπίθεση ,"""Μπορούμε να πούμε με αρκετή σαφήνεια ότι οι Ρώσοι εμπλέκονται σε αυτήν τη δραστηριότητα"", δήλωσε ο Πομπέο. Η Ρωσία διαψεύδει κατηγορηματικά οποιαδήποτε εμπλοκή της στην υπόθεση.",2020-12-19 10:49:00,https://www.news247.gr/img/9484/9086035/501000/w140/140/hack.jpg,ρωσία,RUS
52, Τουρκία: Μεγάλη φωτιά σε νοσοκομείο για ασθενείς με covid-19 - Εννέα νεκροί ,Τραγωδία σε μονάδα ενττικής θεραπείας για ασθενείς με COVID-19 ιδιωτικού νοσοκομείου. Προκλήθηκε φωτιά λόγω έκρηξης αναπνευστήρα με αποτέλεσμα 9 άνθρωποι να χάσουν τη ζωή τους.,2020-12-19 10:04:00,https://www.news247.gr/img/7174/9085987/956000/w140/140/tourki.jpg,τουρκία,TUR
54, Χιλή: Πρόστιμο 3.500 δολαρίων στον Πινιέρα για σέλφι με άγνωστη χωρίς μάσκα ,"Άλλη μία ""γκάφα"" του Προέδρου της Χιλής. Πόζαρε με μία άγνωστη γυναίκα, ενώ κανείς τους δεν φορούσε μάσκα παρά τους αυστηρούς κανόνες για χρήση της σε όλους τους δημόσιους χώρους.",2020-12-19 09:55:00,https://www.news247.gr/img/9170/9085974/937000/w140/140/pinera.jpg,χιλή,CHL
42," Πού βρήκε όπλα το ""Ισλαμικό Κράτος""; ",Πώς κατάφερε να εξοπλιστεί με όπλα το ISIS; Μελέτη που δημοσιεύθηκε πρόσφατα στη Βρετανία επιχειρεί να δώσει μία απάντηση στο ερώτημα.,2020-12-19 09:12:00,https://www.news247.gr/img/5202/9085936/800000/w140/140/isis.jpg,ελλάδα,GRC
43, Οι Γερμανοί δεν ξέρουν για τα εγκλήματα των Ναζί στην Ελλάδα ,"Μία υπαίθρια έκθεση για τα ελληνικά μαρτυρικά χωριά στήθηκε εν μέσω πανδημίας στο Μύνστερ. Οι σφαγές, οι εκτελέσεις αμάχων και η εξόντωση των Ελλήνων Εβραίων παραμένουν άγνωστα.",2020-12-19 08:59:00,https://www.news247.gr/img/3214/6666262/033000/w140/140/katoxi.jpg,ελλάδα,GRC
44, Οξφόρδη: Η πρώην Μις Αγγλία στις έρευνες για τα εμβόλια κορονοϊού ,"Η Καρίνα στέφθηκε Μις Αγγλία το 2014 και έφθασε μέχρι την 4η θέση στον διαγωνισμό για την Μις Υφήλιος. Πλέον, ακολουθεί το παιδικό της όνειρο αλλά δεν αφήνει τη μόδα.",2020-12-19 07:58:00,https://www.news247.gr/img/9017/9085847/138000/w140/140/carina.jpg,ελλάδα,GRC
45, Οι ΗΠΑ αρχίζουν εμβολιασμούς και με το εμβόλιο της Moderna ,"Εγκρίθηκε η χορήγηση άδειας κατεπείγουσας χρήσης του εμβολίου της Moderna εναντίον του νέου κορονοϊού, όπως ανακοίνωσε ο FDA.",2020-12-19 07:23:00,https://www.news247.gr/img/3992/9083294/332000/w140/140/washington_pfizer.jpg,ελλάδα,GRC
55," Χονγκ Κονγκ: Ανθρωποκυνηγητό για ασθενή με κορονοϊό που το ""έσκασε"" από νοσοκομείο ",Πρόκειται για την πρώτη γνωστή περίπτωση κατά την οποία ασθενής με covid-19 δραπέτευσε από νοσοκομείο στο Χονγκ Κονγκ.,2020-12-19 07:22:00,https://www.news247.gr/img/4062/9085820/086000/w140/140/hong.jpg,χονγκ κονγκ,HKG
56," Κορονοϊός: ""Κόκκινη ζώνη"" η Ιταλία ","Νέους περιορισμούς και απαγορεύσεις που θα ισχύσουν από 24/12 έως τις 6/1, με εξαίρεση τέσσερις μέρες, ανακοίνωσε ο Τζ. Κόντε. ",2020-12-18 23:45:00,https://www.news247.gr/img/9744/9085725/878000/w140/140/italy181220.jpg,ιταλία,ITA
57, Τριντό: Ο Καναδάς θα μοιραστεί τυχόν πλεόνασμα των εμβολίων κορονοϊού ,"Ο Καναδάς των 38 εκατ. κατοίκων έχει παραγγείλει περισσότερες από 400 εκατ. δόσεις εμβολίων, μία από τις υψηλότερες αναλογίες στον κόσμο. ",2020-12-18 23:35:00,https://www.news247.gr/img/3208/9085713/324000/w140/140/trinto181220.jpg,καναδάς,CAN
58, Κύπρος: Παραλαμβάνονται την Παρασκευή ειδικά ψυγεία φύλαξης των εμβολίων της Pfizer ,Στην Κύπρο καταφτάνουν την Παρασκευή ειδικά ψυγεία στα οποία θα φυλάγονται τα εμβόλια των Pfizer/BioNTech. Άλλα 410 κρούσματα.,2020-12-18 22:45:00,https://www.news247.gr/img/6099/9076008/366000/w140/140/pfizer.jpg,κύπρος,CYP
51, Η Ρωσία άρχισε να εμβολιάζει τους κοσμοναύτες της με το εμβόλιο Sputnik-V ,Μέχρι σήμερα περισσότερα από 200.000 άνθρωποι έχουν εμβολιαστεί με το Sputnik-V στη Ρωσία. Δύο κοσμοναύτες έκαναν σήμερα την πρώτη δόση οικειοθελώς.,2020-12-18 22:14:00,https://www.news247.gr/img/6151/9085575/466000/w140/140/sputnik2.jpg,ρωσία,RUS
46, Γονείς θα πληρώσουν αποζημίωση στον 42χρονο γιο τους - Του πέταξαν συλλογή πορνό 25.000 δολαρίων ,"Δώδεκα κούτες με ταινίες και περιοδικά πορνογραφικού περιεχομένου, πέταξαν οι γονείς ενός άνδρα στις ΗΠΑ και βρέθηκαν στο εδώλιο του κατηγορουμένου. ",2020-12-18 21:51:00,https://www.news247.gr/img/9235/9085538/610000/w140/140/porno181220.jpg,ελλάδα,GRC
47, Brexit: Νέα συνομιλία φον ντερ Λάιεν - Τζόνσον ,Ο Βρετανός πρωθυπουργός και η πρόεδρος της Ευρωπαϊκής Επιτροπής αναμένεται να συνομιλήσουν τις επόμενες 48 ώρες. Σε οριακό σημείο οι διαπραγματεύσεις.,2020-12-18 21:46:00,https://www.news247.gr/img/5915/9072169/300000/w140/140/boris-ursula.jpg,ελλάδα,GRC
48, ΗΠΑ: Εμβολιάζεται live τη Δευτέρα ο Μπάιντεν - Ακολουθεί και η Κάμαλα Χάρις ,"Ο Τζο Μπάιντεν και η σύζυγός του, Τζιλ αναμένεται να εμβολιαστούν δημοσίως την ερχόμενη Δευτέρα. Μία εβδομάδα αργότερα ο εμβολιασμός της Κάμαλα Χάρις.",2020-12-18 21:35:00,https://www.news247.gr/img/26/9043622/315000/w140/140/kamala.jpg,ελλάδα,GRC
53," Μπορέλ για Τουρκία: Ισχυρά μέτρα εάν συνεχιστεί η ""καθοδική πορεία"" ","""Εάν συνεχίσουμε σε αυτήν την καθοδική πορεία των σχέσεων με την Τουρκία, η ΕΕ πρέπει να υιοθετήσει ισχυρά μέτρα"" επεσήμανε ο επικεφαλής της ευρωπαϊκής διπλωματίας, κάνοντας τον απολογισμό του 2020. ",2020-12-18 21:26:00,https://www.news247.gr/img/2246/9085589/295000/w140/140/borel181220.jpg,τουρκία,TUR
19, Γαλλία: Βίαια επεισόδια και καταστροφές- 67 αστυνομικοί τραυματίστηκαν ,Βίαιες διαδηλώσεις κατά της αστυνομικής ωμότητας αλλά και του αμφιλεγόμενου νόμου για την ασφάλεια συγκλονίζουν τη Γαλλία.,2020-12-06 18:03:00,https://www.news247.gr/img/1643/9072548/074000/w140/140/9.jpg,γαλλία,FRA
21, Φρανκφούρτη: Χιλιάδες άνθρωποι απομακρύνθηκαν λόγω βόμβας του Β' Παγκοσμίου Πολέμου ,Στην απομάκρυνση σχεδόν 13.000 ανθρώπων υποχρεώθηκαν οι αρχές της Φραγκφούρτης αφού σε περιοχή της πόλης εντοπίστηκε βόμβα του Β' Παγκοσμίου.,2020-12-06 15:43:00,https://www.news247.gr/img/5080/7461052/267000/w140/140/berlin.jpg,ελλάδα,GRC
22," Κορονοϊός: Πάνω από 66 εκατ. κρούσματα και 1,5 εκατ. νεκροί παγκοσμίως ",Συνεχίζεται η επέλαση της πανδημίας του κορονοϊού σε ολόκληρο τον πλανήτη. Συνολικά έχουν χάσει τη ζωή τους μέχρι τώρα 1.529.324 άνθρωποι.,2020-12-06 14:50:00,https://www.news247.gr/img/6291/9072399/610000/w140/140/covid.jpg,ελλάδα,GRC
23, Επιστρέφουν στην Ελλάδα οι Έλληνες ναυτικοί που απήχθησαν από πειρατές στη Νιγηρία ,"Πρόκειται για τον καπετάνιο και δύο μέλη του πληρώματος, τους οποίους απήγαγαν οι πειρατές έπειτα από ρεσάλτο στο δεξαμενόπλοιο ""ΣΤΕΛΙΟΣ Κ"".",2020-12-06 14:27:00,https://www.news247.gr/img/9057/9072400/627000/w140/140/steliosk2.jpg,ελλάδα,GRC
32, Ιταλία: Χαλαρώνουν οι περιορισμοί σε ορισμένες περιφέρειες ,"Δειλά-δειλά, κάποιες ιταλικές περιφέρειες επιχειρούν να ξανανοίξουν μέρος της οικονομικής δραστηριότητας.",2020-12-06 13:28:00,https://www.news247.gr/img/570/9041482/338000/w140/140/italia.jpg,ιταλία,ITA
24, Λονδίνο: Ακραίος συνωστισμός και εικόνες χάους έξω από το Harrods ,"Σκηνές χάους εκτυλίχθηκαν έξω από το πολυκατάστημα Harrods του Λονδίνου. Χιλιάδες Βρετανοί έσπευσαν να ψωνίσουν, χωρίς αποστάσεις και δίχως μάσκες.",2020-12-06 13:25:00,https://www.news247.gr/img/4349/9072353/765000/w140/140/befunky-collage.jpg,ελλάδα,GRC
33, Αυστραλία: Ιστορική στιγμή με τον εθνικό ύμνο να ψάλλεται στη γλώσσα των ιθαγενών ,Για πρώτη φορά ο εθνικός ύμνος της Αυστραλίας ακούστηκε στη γλώσσα των ιθαγενών σε επίσημη περίσταση. ,2020-12-06 11:49:00,https://www.news247.gr/img/8271/9072274/222000/w140/140/australia1.jpg_,αυστραλία,AUS
34," Νέα Ζηλανδία: Καλεί τον κόσμο να κάνει τις απογοητεύσεις του 2020, Δάσος Ελπίδας ",Ο Οργανισμός Τουρισμού της Νέας Ζηλανδίας καλεί ανθρώπους από όλο τον κόσμο να μοιραστούν την απογοήτευσή τους για το 2020 και να εμπνευστούν την αισιοδοξία για το 2021. ,2020-12-06 10:22:00,https://www.news247.gr/img/3034/9006042/856000/w140/140/ap_20145829323360.jpg,νέα ζηλανδία,NZL
35, Ισραήλ: Σκοτώθηκε φανατικός πολέμιος του Νετανιάχου ,"Ο 82χρονος Ντρορ Σόφερ, ορκισμένος εχθρός του Μπέντζαμιν Νετανιάχου, σκοτώθηκε το βράδυ του Σαββάτου στην Ιερουσαλήμ. ",2020-12-06 09:49:00,https://www.news247.gr/img/4048/7686540/846000/w140/140/israel.jpg,ισραήλ,ISR
25, Βρετανία: Την Τρίτη ξεκινά η χορήγηση του εμβολίου κορονοϊού της Pfizer ,Εντός της βδομάδας θα πραγματοποιηθούν οι πρώτες χορηγήσεις του εμβολίου Pfizer στη Βρετανία. Έχει παραγγείλει 40 εκατ. δόσεις. Προτεραιότητα δόθηκε στους άνω των 80 ετών.,2020-12-06 09:25:00,https://www.news247.gr/img/4326/9072219/515000/w140/140/embolio.jpg,ελλάδα,GRC
36, Βολιβία: Άνιες και Καμάτσο καλούνται να λογοδοτήσουν για το πραξικόπημα ,Η κυβέρνηση του Λουίς Αρτσε παραπέμπει τους δύο βασικούς υπεύθυνους για το περσινό πραξικόπημα στη δικαιοσύνη. ,2020-12-06 09:13:00,https://www.news247.gr/img/2394/9023596/015000/w140/140/luisarce.jpg,βολιβία,BOL
26, Η βασίλισσα Ελισάβετ θα κάνει σύντομα το εμβόλιο του κορονοϊού ,"Το βασιλικό ζεύγος θα κάνει εντός των επόμενων εβδομάδων το εμβόλιο της Pfizer-BioNTech, ενθαρρύνοντας και τον υπόλοιπο κόσμο να εμβολιαστεί για τον κορονοϊό.",2020-12-06 07:53:00,https://www.news247.gr/img/8402/9072170/812000/w140/140/eliza.jpg,ελλάδα,GRC
27, Κάψουλα έφερε δείγματα από αστεροειδή που ίσως αποκαλύψουν πώς γεννήθηκε το ηλιακό μας σύστημα ,"Τα δείγματα εντοπίστηκαν μέσα στα κουτιά που είχαν τοποθετηθεί, σε μια έρημο στη νότια Αυστραλία. Τα μισά δείγματα θα μοιραστούν η JAXA, η NASA και διεθνείς οργανισμοί ",2020-12-06 07:50:00,https://www.news247.gr/img/3094/7661892/694000/w140/140/space.jpg,ελλάδα,GRC
20, Brexit: Συνεχίζουν τις διαπραγματεύσεις Λονδίνο και Βρυξέλλες - Η Γαλλία απειλεί με βέτο ,Η Μεγάλη Βρετανία και η Ευρωπαϊκή Ένωση προσπαθούν να λύσουν τις διαφορές τους στις εμπορικές τους σχέσεις. Η Γαλλία ανησυχεί για το ζήτημα της αλιείας.,2020-12-06 07:50:00,https://www.news247.gr/img/5915/9072169/300000/w140/140/boris-ursula.jpg,γαλλία,FRA
28, Αμερικανικές εκλογές: Ο Τραμπ επιμένει ότι θα κερδίσει και συνεχίζει τις καταγγελίες ,"Ο Ντόναλντ Τραμπ βρέθηκε σε προεκλογική συγκέντρωση στην Τζόρτζια και αναφέρθηκε για άλλη μια φορά σε ""νοθεία"". Κάλεσε τον κυβερνήτη να ελέγξει ξανά τα ψηφοδέλτια. ",2020-12-06 07:33:00,https://www.news247.gr/img/1363/9072163/408000/w140/140/trump1.jpg,ελλάδα,GRC
29," Ο μοναδικός άνθρωπος που έχει ""ταφεί"" στο Νότιο πόλο της Σελήνης ","Ό,τι δεν κατάφερε εν ζωή, το πέτυχε με το θάνατο του, με τη NASA να βοηθάει στη ""ταφή"" του στη Σελήνη, αναγνωρίζοντας με αυτό τον τρόπο την πολυετή προσφορά του. ",2020-12-06 07:32:00,https://www.news247.gr/img/303/9071092/825000/w140/140/moon041220.jpg,ελλάδα,GRC
30," Harrods: Ένα φανταχτερό ""αξιοθέατο"" για λίγους ","Το σύνθημα του Harrods είναι η λατινική φράση ""Omnia Omnibus Ubique"", που σημαίνει ""όλα τα πράγματα για όλους τους ανθρώπους παντού"". Ίσως όμως και όχι, Στέφανε!",2020-12-06 07:25:00,https://www.news247.gr/img/4722/9071666/405000/w140/140/tsitsipas_harrods.jpg,ελλάδα,GRC
37, Βραζιλία: Πάνω από 43.000 νέα κρούσματα κορονοϊού ,Η ένταση της πανδημίας στη Βραζιλία παραμένει αμείωτη. Πάνω από 43000 τα νέα κρούσματα κορονοϊού στη χώρα. ,2020-12-05 23:50:00,https://www.news247.gr/img/2764/9069005/308000/w140/140/brazil.jpg,βραζιλία,BRA
38, Κορονοϊός - Αργεντινή: Έκτακτη εισφορά στους πολύ πλούσιους ,Τα πολύ μεγάλα πορτοφόλια της Αργεντινής καλούνται να βάλουν το χέρι στην τσέπη για να ενισχύσουν το δημόσιο της χώρας στη μάχη εναντίον του κορονοϊού. ,2020-12-05 23:03:00,https://www.news247.gr/img/9261/9039602/353000/w140/140/argentini.jpg,αργεντινή,ARG
31, Κορονοϊός - ΗΠΑ: Σχεδόν 2.500 θάνατοι το τελευταίο 24ωρο ,"Αύξηση κατά 214.099 παρουσίασαν τα νέα κρούσματα στις ΗΠΑ, σύμφωνα με τα Κέντρα Ελέγχου και Πρόληψης Νοσημάτων. ",2020-12-05 22:48:00,https://www.news247.gr/img/2051/9071996/317000/w140/140/usa051220.jpg,ελλάδα,GRC
18, Κορονοϊός - Γαλλία: Μείωση θανάτων το τελευταίο 24ωρο ,"Τις 55.000 αγγίζει ο συνολικός αριθμός των θανάτων στη Γαλλία, σύμφωνα με τις αρχές. ",2020-12-05 22:22:00,https://www.news247.gr/img/1619/9071960/581000/w140/140/france051220.jpg,γαλλία,FRA
11, Κορονοϊός - Ιταλία: Αισθητή μείωση σε θανάτους και κρούσματα ,Η Ιταλία εξακολουθεί να ταλαιπωρείται ιδιαίτερα από τον κορονοϊό αλλά τουλάχιστον είδε το Σάββατο τα νούμερα να μειώνονται. ,2020-12-05 21:47:00,https://www.news247.gr/img/9076/9053854/766000/w140/140/italy.jpg,ιταλία,ITA
13, Volkswagen: Η επένδυση στην Τουρκία ακυρώθηκε για πολιτικούς λόγους ,"Το πολιτικό κλίμα στην Τουρκία ""τρόμαξε"" τους μετόχους της Volksewagen και τελικά η επένδυση της εταιρίας στη χώρα ακυρώθηκε. ",2020-12-05 21:32:00,https://www.news247.gr/img/8707/7582351/043000/w140/140/volkswagen.jpg,τουρκία,TUR
1, Brexit: Συμφώνησαν ότι διαφωνούν Τζόνσον και Φον ντερ Λάιεν ,Μπόρις Τζόνσον και Ούρσουλα φον ντερ Λάιεν δεν μπορούν προσώρας να βρουν τη χρυσή τομή για το Brexit. ,2020-12-05 20:49:00,https://www.news247.gr/img/970/9026271/236000/w140/140/brexit.jpg,ελλάδα,GRC
2," Τουρκικό ΥΠΕΞ: ""Κακομαθημένο παιδί της ΕΕ η Ελλάδα"" ","""Καμία κύρωση δεν θα κάνει την Τουρκία να συμβιβαστεί ως προς τα κυριαρχικά της δικαιώματα στο Καστελόριζο"" αναφέρει μεταξύ άλλων το τουρκικό Υπουργείο Εξωτερικών.",2020-12-05 20:36:00,https://www.news247.gr/img/555/6719248/368000/w140/140/turkey040519.jpg,ελλάδα,GRC
3, Φλέγεται από τις διαδηλώσεις το Παρίσι- Συμπλοκές με τις αρχές και 22 συλλήψεις ,Το Παρίσι συγκλονίζεται από βίαιες διαδηλώσεις που διεξήχθησαν για να καταγγελθεί η αστυνομική ωμότητα αλλά και ο αμφιλεγόμενος νόμος για την ασφάλεια. ,2020-12-05 20:08:00,https://www.news247.gr/img/7006/9071782/860000/w140/140/parisi2.jpg,ελλάδα,GRC
4," Tο εξώφυλλο του Time πιάνει το νόημα για το 2020: ""Η χειρότερη χρονιά"" ","Το... διαπλανητικό συναίσθημα για το 2020 εξέφρασε το περιοδικό ""Time"" με το εξώφυλλο του τελευταίου τεύχους του. ",2020-12-05 19:58:00,https://www.news247.gr/img/3495/9071757/372000/w140/140/time051220.jpg,ελλάδα,GRC
5, Φρίκη στο Λος Άντζελες: 2 παιδιά βρέθηκαν αποκεφαλισμένα- Συνελήφθη ο πατέρας ,Η πυροσβεστική κλήθηκε να πάει σε σπίτι για πιθανή διαρροή αερίου αλλά εκεί βρέθηκε αντιμέτωπη με ένα αποτρόπαιο έγκλημα. ,2020-12-05 19:19:00,https://www.news247.gr/img/7290/9071741/652000/w140/140/police051220.jpg,ελλάδα,GRC
12, Υπεγράφη συμφωνία Ιταλίας - Λιβύης για συνεργασία στον αμυντικό τομέα ,"Συμφωνία στρατιωτικής συνεργασίας, τεχνικής φύσεως, υπέγραψαν στη Ρώμη οι υπουργοί Άμυνας της Ιταλίας και της Λιβύης. Η Ρώμη δίνει το μήνυμα ότι ενδιαφέρεται για την πρώην αποικία της.",2020-12-05 19:07:00,https://www.news247.gr/img/2410/9071735/366000/w140/140/italy.jpg,ιταλία,ITA
14, Τουρκία: Έκκληση των γιατρών για καθολικό lockdown- Σπάνε ρεκόρ τα κρούσματα ,"Οι Τούρκοι γιατροί πιστεύουν ότι η χώρα πρέπει να ""κλείσει"" για δύο εβδομάδες προκειμένου να καμφθεί το δεύτερο κύμα της πανδημίας του κορονοϊού. ",2020-12-05 19:00:00,https://www.news247.gr/img/8130/9058370/656000/w140/140/turkk.jpg,τουρκία,TUR
6, Google: Καλείται να δώσει εξηγήσεις για την απόλυση μιας μαύρης ερευνήτριας ,"Η ερευνήτρια υποστηρίζει ότι οι ανώτεροί της έκαναν δεκτή την παραίτηση που δεν υπέβαλε ποτέ. Είχε προηγηθεί διαμαρτυρία της περί ""φίμωσης των περιθωριοποιημένων φωνών"". ",2020-12-05 18:31:00,https://www.news247.gr/img/2791/9071703/537000/w140/140/google051220.jpg,ελλάδα,GRC
7, Χάος στο Παρίσι: Δακρυγόνα και συμπλοκές μεταξύ διαδηλωτών και αστυνομίας ,Περίπου 100 συγκεντρώσεις έχουν προγραμματιστεί για το Σάββατο στη γαλλική επικράτεια από πολίτες που ζητούν περισσότερα κοινωνικά δικαιώματα και λιγότερη επισφάλεια. ,2020-12-05 17:09:00,https://www.news247.gr/img/6457/9071668/616000/w140/140/gallia1.jpg,ελλάδα,GRC
0, Γαλλία: Διαδηλώσεις για τα κοινωνικά δικαιώματα και τις ελευθερίες ,Περίπου 100 συγκεντρώσεις έχουν προγραμματιστεί για το Σάββατο στη γαλλική επικράτεια από πολίτες που ζητούν περισσότερα κοινωνικά δικαιώματα και λιγότερη επισφάλεια. ,2020-12-05 17:09:00,https://www.news247.gr/img/6457/9071668/616000/w140/140/gallia1.jpg,ελλάδα,GRC
8, Η ΕΕ αποφάσισε επιτέλους να ενεργοποιήσει σύστημα επιβολής κυρώσεων ,Στο νέο σύστημα επιβολής ευρωπαϊκών κυρώσεων σε χώρες όπου καταγράφονται σοβαρές παραβιάσεις ανθρωπίνων δικαιωμάτων αναφέρεται η FAZ. Συνέντευξη του γερμανού υπουργού Εξωτερικών Χάικο Μάας στο Spiegel.,2020-12-05 16:52:00,https://www.news247.gr/img/7680/7702199/185000/w140/140/maas1.jpg,ελλάδα,GRC
9, Παλαιστίνη: Πλήθος κόσμου στην κηδεία 13χρονου που σκοτώθηκε από τον ισραηλινό στρατό ,"Εκατοντάδες άνθρωποι παρέστησαν στην κηδεία του 13χρονου Παλαιστινίου Αλί Αϊμάν Νασρ Αμπού Αλίγια, που σκοτώθηκε σε συγκρούσεις με τον ισραηλινό στρατό.",2020-12-05 16:03:00,https://www.news247.gr/img/8224/9071560/995000/w140/140/palestine.jpg,ελλάδα,GRC
15," Σεισμός 5,2 Ρίχτερ στην Τουρκία ",Ο σεισμός είχε επίκεντρο τον θαλάσσιο χώρο που βρίσκετα 57 χιλιότρα νότια της Αλάνια. Έγινε ιδιαίτερα αισθητός σε Ρόδο και Κύπρο.,2020-12-05 15:10:00,https://www.news247.gr/img/9523/9071527/550000/w140/140/turkey.jpg,τουρκία,TUR
17, Χιλή: Σοκαριστικά πλάνα - Ρίχνουν τοξικά υγρά σε διαδηλωτές ,"Άγρια επεισόδια και μαζική καταστολή στο Σαντιάγκο της Χιλής - Διαδηλωτές ξέσπασαν εναντίον του προέδρου της χώρας, Σεμπαστιάν Πινιέρα, ζητώντας την παραίτησή του.",2020-12-05 13:36:00,https://www.news247.gr/img/40/9071396/675000/w140/140/chile.jpg,χιλή,CHL
10, Ζήτησαν αποκλεισμό αστυνομικών από το μεγαλύτερο ΛΟΑΤΚΙ φεστιβάλ στον κόσμο ,Ένα από τα μεγαλύτερα ΛΟΑΤΚΙ+ φεστιβάλ στον κόσμο αποφάσισε να καταψηφίσει μία αμφιλεγόμενη πρόταση σύμφωνα με την οποία θα απαγορευόταν να συμμετέχει στην παρέλαση οποιοσδήποτε αστυνομικός.,2020-12-05 12:40:00,https://www.news247.gr/img/7153/9071365/490000/w140/140/lgbt.jpg,ελλάδα,GRC
16, Αρμενία: Χιλιάδες διαδηλωτές στους δρόμους του Γερεβάν κατά της κυβέρνησης ," Μερικές χιλιάδες διαδηλωτές συγκεντρώθηκαν στο κέντρο του Γερεβάν για να ζητήσουν την παραίτηση του πρωθυπουργού της Αρμενίας Νικόλ Πασινιάν, που βρίσκεται στο επίκεντρο επικρίσεων επειδή αποδέχθηκε την εκεχειρία, με την οποία αναγνωρίζεται η νίκη του Αζερμπαϊτζάν, έπειτα από 6 εβδομάδες πολέμου στο Ναγκόρνο Καραμπάχ. ",2020-05-12 16:44:00,,αρμενία,ARM
